## åˆ›å»ºæ•°æ®åº“ åˆ›å»ºæ•°æ®è¡¨

##### ç™»å½•æ•°æ®åº“æœåŠ¡å™¨

```bash
 mysql -u root -p
```

ç™»å½•æˆåŠŸä¼šæ˜¾ç¤ºå¦‚ä¸‹å†…å®¹

```
$ mysql -u root -p

Enter password: ğŸ”è¾“å…¥å¯†ç  guansiyu1
Welcome to the MySQL monitor.  Commands end with ; or \g.
Your MySQL connection id is 12
Server version: 8.0.19 Homebrew

Copyright (c) 2000, 2020, Oracle and/or its affiliates. All rights reserved.

Oracle is a registered trademark of Oracle Corporation and/or its
affiliates. Other names may be trademarks of their respective
owners.

Type 'help;' or '\h' for help. Type '\c' to clear the current input statement.
```

##### é€€å‡ºæ•°æ®åº“æœåŠ¡å™¨

```mysql
 exit;
```

##### åœ¨æ•°æ®åº“æœåŠ¡å™¨ä¸­åˆ›å»ºä¸€ä¸ªæ–°çš„æ•°æ®åº“

```mysql
create database æ–°æ•°æ®åº“å;
```

```
mysql> create database FirstTest;
Query OK, 1 row affected (0.02 sec)
```

##### æŸ¥è¯¢æ•°æ®åº“æœåŠ¡å™¨ä¸­æ‰€æœ‰çš„æ•°æ®

```mysql
show databases;
```

```my
mysql> show databases;
+--------------------+
| Database           |
+--------------------+
| FirstTest          |
| information_schema |
| mysql              |
| performance_schema |
| sys                |
+--------------------+
5 rows in set (0.00 sec)
```

##### è¿›å…¥æŸä¸€ä¸ªæ•°æ®åº“è¿›è¡Œæ“ä½œ

```mysql
 use åº“å
```

```
mysql> use FirstTest;
Database changed
```

##### åœ¨æ­¤æ•°æ®åº“ä¸­åˆ›å»ºä¸€ä¸ªæ•°æ®è¡¨

```mysql
CREATE TABLE Pet ï¼ˆ
		name VARCHAR(20),
		owner VARCHAR(20),
		species VARCHAR(20),
		sex CHAR(1),
		birth DATE,
		death DATE
);
```

```
mysql> CREATE TABLE Pet(name VARCHAR(20),owner VARCHAR(20),species VARCHAR(20),sex CHAR(1),birth DATE,death DATE);
Query OK, 0 rows affected (0.09 sec)
```

##### æŸ¥è¯¢è¿™ä¸ªæ•°æ®åº“æœ‰å“ªäº›æ•°æ®è¡¨

```mysql
show tables;
```

```
mysql> show tables;
+---------------------+
| Tables_in_firsttest |
+---------------------+
| Pet                 |
+---------------------+
1 row in set (0.00 sec)
```

##### æŸ¥çœ‹è¡¨çš„ç»“æ„ç»„æˆ

```mysql
describe è¡¨å;
```

```
mysql> describe Pet;
+---------+-------------+------+-----+---------+-------+
| Field   | Type        | Null | Key | Default | Extra |
+---------+-------------+------+-----+---------+-------+
| name    | varchar(20) | YES  |     | NULL    |       |
| owner   | varchar(20) | YES  |     | NULL    |       |
| species | varchar(20) | YES  |     | NULL    |       |
| sex     | char(1)     | YES  |     | NULL    |       |
| birth   | date        | YES  |     | NULL    |       |
| death   | date        | YES  |     | NULL    |       |
+---------+-------------+------+-----+---------+-------+
6 rows in set (0.03 sec)
```

##### å‘è¡¨ä¸­æ·»åŠ æ•°æ®

```mysql
INSERT INTO è¡¨å
VALUES (...);
```

```
mysql> INSERT INTO Pet
    -> VALUES ('GuanFaCai','LadyGuanGuan','eat','m','2006-07-07',NULL);
Query OK, 1 row affected (0.01 sec)
```

##### æŸ¥çœ‹è¡¨ä¸­çš„è®°å½•

```mysql
select * from è¡¨å;
```

```
mysql> select * from Pet;
+-----------+--------------+---------+------+------------+-------+
| name      | owner        | species | sex  | birth      | death |
+-----------+--------------+---------+------+------------+-------+
| GuanFaCai | LadyGuanGuan | eat     | m    | 2006-07-07 | NULL  |
+-----------+--------------+---------+------+------------+-------+
1 row in set (0.00 sec)
```

##### æ•°æ®ç±»å‹å¦‚ä½•é€‰æ‹©ï¼Ÿ

https://www.runoob.com/mysql/mysql-data-types.html

æ—¥æœŸé€‰æ‹©æŒ‰ç…§æ ¼å¼ æ•°å€¼å­—ç¬¦ä¸²æŒ‰ç…§å¤§å°èŒƒå›´ 

## å¢åˆ æ”¹æŸ¥ INSERT-DELETE-UPDATE-SELECT

ç»è¿‡ä¸€ç•ªINSERT æˆ‘ä»¬çš„Petè¡¨æœ‰è¿™äº›æ•°æ®

```
mysql> select * from Pet;
+--------------+-----------------+---------+------+------------+-------+
| name         | owner           | species | sex  | birth      | death |
+--------------+-----------------+---------+------+------------+-------+
| GuanFaCai    | LadyGuanGuan    | eat     | m    | 2006-07-07 | NULL  |
| GuanFaCai-01 | LadyGuanGuan-01 | dog     | m    | 2006-07-07 | NULL  |
| GuanFaCai-02 | LadyGuanGuan-02 | dog     | f    | 2006-07-08 | NULL  |
| GuanFaCai-03 | LadyGuanGuan-03 | dog     | m    | 2006-07-09 | NULL  |
| GuanFaCai-04 | LadyGuanGuan-04 | dog     | f    | 2006-07-10 | NULL  |
| GuanFaCai-05 | LadyGuanGuan-05 | dog     | m    | 2006-07-11 | NULL  |
| GuanFaCai-06 | LadyGuanGuan-06 | dog     | f    | 2006-07-12 | NULL  |
+--------------+-----------------+---------+------+------------+-------+
7 rows in set (0.00 sec)
```

å¾ˆæ˜æ˜¾ï¼Œç¬¬ä¸€è¡Œçš„æ•°æ®è·Ÿå…¶å®ƒè¡Œæ ¼æ ¼ä¸å…¥ï¼Œæˆ‘ä»¬è¦åˆ æ‰å®ƒ

##### åˆ é™¤æ•°æ®

```mysql
mysql> delete from Pet where name='GuanFaCai';
Query OK, 1 row affected (0.01 sec)

mysql> select * from Pet;
+--------------+-----------------+---------+------+------------+-------+
| name         | owner           | species | sex  | birth      | death |
+--------------+-----------------+---------+------+------------+-------+
| GuanFaCai-01 | LadyGuanGuan-01 | dog     | m    | 2006-07-07 | NULL  |
| GuanFaCai-02 | LadyGuanGuan-02 | dog     | f    | 2006-07-08 | NULL  |
| GuanFaCai-03 | LadyGuanGuan-03 | dog     | m    | 2006-07-09 | NULL  |
| GuanFaCai-04 | LadyGuanGuan-04 | dog     | f    | 2006-07-10 | NULL  |
| GuanFaCai-05 | LadyGuanGuan-05 | dog     | m    | 2006-07-11 | NULL  |
| GuanFaCai-06 | LadyGuanGuan-06 | dog     | f    | 2006-07-12 | NULL  |
+--------------+-----------------+---------+------+------------+-------+
6 rows in set (0.00 sec)
```

##### ä¿®æ”¹æ•°æ®

```mysql
mysql> update Pet set name='willBeRich' where owner='LadyGuanGuan-01';
Query OK, 1 row affected (0.01 sec)
Rows matched: 1  Changed: 1  Warnings: 0

mysql> select * from Pet;
+--------------+-----------------+---------+------+------------+-------+
| name         | owner           | species | sex  | birth      | death |
+--------------+-----------------+---------+------+------------+-------+
| willBeRich   | LadyGuanGuan-01 | dog     | m    | 2006-07-07 | NULL  |
| GuanFaCai-02 | LadyGuanGuan-02 | dog     | f    | 2006-07-08 | NULL  |
| GuanFaCai-03 | LadyGuanGuan-03 | dog     | m    | 2006-07-09 | NULL  |
| GuanFaCai-04 | LadyGuanGuan-04 | dog     | f    | 2006-07-10 | NULL  |
| GuanFaCai-05 | LadyGuanGuan-05 | dog     | m    | 2006-07-11 | NULL  |
| GuanFaCai-06 | LadyGuanGuan-06 | dog     | f    | 2006-07-12 | NULL  |
+--------------+-----------------+---------+------+------------+-------+
6 rows in set (0.00 sec)
```

#### æ¸…é™¤è¿™äº›ç»ƒä¹ è¡¨

æœ¬èŠ‚å­¦å®Œäº†ï¼Œæ¸…ç©ºè¿™äº›è¡¨ä»¥å¤‡ä¸‹ä¸€èŠ‚æ·»åŠ 

```
mysql> show tables;
+---------------------+
| Tables_in_firsttest |
+---------------------+
| Pet                 |
| User                |
| User2               |
| User3               |
| user4               |
+---------------------+
5 rows in set (0.00 sec)

mysql> drop table user2;
Query OK, 0 rows affected (0.02 sec)

mysql> drop table user3;
Query OK, 0 rows affected (0.01 sec)

mysql> drop table user4;
Query OK, 0 rows affected (0.01 sec)

mysql> show tables;
+---------------------+
| Tables_in_firsttest |
+---------------------+
| Pet                 |
| User                |
+---------------------+
```

