## 创建数据库 创建数据表

##### 登录数据库服务器

```bash
 mysql -u root -p
```

登录成功会显示如下内容

```
$ mysql -u root -p

Enter password: 🔐输入密码 guansiyu1
Welcome to the MySQL monitor.  Commands end with ; or \g.
Your MySQL connection id is 12
Server version: 8.0.19 Homebrew

Copyright (c) 2000, 2020, Oracle and/or its affiliates. All rights reserved.

Oracle is a registered trademark of Oracle Corporation and/or its
affiliates. Other names may be trademarks of their respective
owners.

Type 'help;' or '\h' for help. Type '\c' to clear the current input statement.
```

##### 退出数据库服务器

```mysql
 exit;
```

##### 在数据库服务器中创建一个新的数据库

```mysql
create database 新数据库名;
```

```
mysql> create database FirstTest;
Query OK, 1 row affected (0.02 sec)
```

##### 查询数据库服务器中所有的数据

```mysql
show databases;
```

```my
mysql> show databases;
+--------------------+
| Database           |
+--------------------+
| FirstTest          |
| information_schema |
| mysql              |
| performance_schema |
| sys                |
+--------------------+
5 rows in set (0.00 sec)
```

##### 进入某一个数据库进行操作

```mysql
 use 库名
```

```
mysql> use FirstTest;
Database changed
```

##### 在此数据库中创建一个数据表

```mysql
CREATE TABLE Pet （
		name VARCHAR(20),
		owner VARCHAR(20),
		species VARCHAR(20),
		sex CHAR(1),
		birth DATE,
		death DATE
);
```

```
mysql> CREATE TABLE Pet(name VARCHAR(20),owner VARCHAR(20),species VARCHAR(20),sex CHAR(1),birth DATE,death DATE);
Query OK, 0 rows affected (0.09 sec)
```

##### 查询这个数据库有哪些数据表

```mysql
show tables;
```

```
mysql> show tables;
+---------------------+
| Tables_in_firsttest |
+---------------------+
| Pet                 |
+---------------------+
1 row in set (0.00 sec)
```

##### 查看表的结构组成

```mysql
describe 表名;
```

```
mysql> describe Pet;
+---------+-------------+------+-----+---------+-------+
| Field   | Type        | Null | Key | Default | Extra |
+---------+-------------+------+-----+---------+-------+
| name    | varchar(20) | YES  |     | NULL    |       |
| owner   | varchar(20) | YES  |     | NULL    |       |
| species | varchar(20) | YES  |     | NULL    |       |
| sex     | char(1)     | YES  |     | NULL    |       |
| birth   | date        | YES  |     | NULL    |       |
| death   | date        | YES  |     | NULL    |       |
+---------+-------------+------+-----+---------+-------+
6 rows in set (0.03 sec)
```

##### 向表中添加数据

```mysql
INSERT INTO 表名
VALUES (...);
```

```
mysql> INSERT INTO Pet
    -> VALUES ('GuanFaCai','LadyGuanGuan','eat','m','2006-07-07',NULL);
Query OK, 1 row affected (0.01 sec)
```

##### 查看表中的记录

```mysql
select * from 表名;
```

```
mysql> select * from Pet;
+-----------+--------------+---------+------+------------+-------+
| name      | owner        | species | sex  | birth      | death |
+-----------+--------------+---------+------+------------+-------+
| GuanFaCai | LadyGuanGuan | eat     | m    | 2006-07-07 | NULL  |
+-----------+--------------+---------+------+------------+-------+
1 row in set (0.00 sec)
```

##### 数据类型如何选择？

https://www.runoob.com/mysql/mysql-data-types.html

日期选择按照格式 数值字符串按照大小范围 

## 增删改查 INSERT-DELETE-UPDATE-SELECT

经过一番INSERT 我们的Pet表有这些数据

```
mysql> select * from Pet;
+--------------+-----------------+---------+------+------------+-------+
| name         | owner           | species | sex  | birth      | death |
+--------------+-----------------+---------+------+------------+-------+
| GuanFaCai    | LadyGuanGuan    | eat     | m    | 2006-07-07 | NULL  |
| GuanFaCai-01 | LadyGuanGuan-01 | dog     | m    | 2006-07-07 | NULL  |
| GuanFaCai-02 | LadyGuanGuan-02 | dog     | f    | 2006-07-08 | NULL  |
| GuanFaCai-03 | LadyGuanGuan-03 | dog     | m    | 2006-07-09 | NULL  |
| GuanFaCai-04 | LadyGuanGuan-04 | dog     | f    | 2006-07-10 | NULL  |
| GuanFaCai-05 | LadyGuanGuan-05 | dog     | m    | 2006-07-11 | NULL  |
| GuanFaCai-06 | LadyGuanGuan-06 | dog     | f    | 2006-07-12 | NULL  |
+--------------+-----------------+---------+------+------------+-------+
7 rows in set (0.00 sec)
```

很明显，第一行的数据跟其它行格格不入，我们要删掉它

##### 删除数据

```mysql
mysql> delete from Pet where name='GuanFaCai';
Query OK, 1 row affected (0.01 sec)

mysql> select * from Pet;
+--------------+-----------------+---------+------+------------+-------+
| name         | owner           | species | sex  | birth      | death |
+--------------+-----------------+---------+------+------------+-------+
| GuanFaCai-01 | LadyGuanGuan-01 | dog     | m    | 2006-07-07 | NULL  |
| GuanFaCai-02 | LadyGuanGuan-02 | dog     | f    | 2006-07-08 | NULL  |
| GuanFaCai-03 | LadyGuanGuan-03 | dog     | m    | 2006-07-09 | NULL  |
| GuanFaCai-04 | LadyGuanGuan-04 | dog     | f    | 2006-07-10 | NULL  |
| GuanFaCai-05 | LadyGuanGuan-05 | dog     | m    | 2006-07-11 | NULL  |
| GuanFaCai-06 | LadyGuanGuan-06 | dog     | f    | 2006-07-12 | NULL  |
+--------------+-----------------+---------+------+------------+-------+
6 rows in set (0.00 sec)
```

##### 修改数据

```mysql
mysql> update Pet set name='willBeRich' where owner='LadyGuanGuan-01';
Query OK, 1 row affected (0.01 sec)
Rows matched: 1  Changed: 1  Warnings: 0

mysql> select * from Pet;
+--------------+-----------------+---------+------+------------+-------+
| name         | owner           | species | sex  | birth      | death |
+--------------+-----------------+---------+------+------------+-------+
| willBeRich   | LadyGuanGuan-01 | dog     | m    | 2006-07-07 | NULL  |
| GuanFaCai-02 | LadyGuanGuan-02 | dog     | f    | 2006-07-08 | NULL  |
| GuanFaCai-03 | LadyGuanGuan-03 | dog     | m    | 2006-07-09 | NULL  |
| GuanFaCai-04 | LadyGuanGuan-04 | dog     | f    | 2006-07-10 | NULL  |
| GuanFaCai-05 | LadyGuanGuan-05 | dog     | m    | 2006-07-11 | NULL  |
| GuanFaCai-06 | LadyGuanGuan-06 | dog     | f    | 2006-07-12 | NULL  |
+--------------+-----------------+---------+------+------------+-------+
6 rows in set (0.00 sec)
```

#### 清除这些练习表

本节学完了，清空这些表以备下一节添加

```
mysql> show tables;
+---------------------+
| Tables_in_firsttest |
+---------------------+
| Pet                 |
| User                |
| User2               |
| User3               |
| user4               |
+---------------------+
5 rows in set (0.00 sec)

mysql> drop table user2;
Query OK, 0 rows affected (0.02 sec)

mysql> drop table user3;
Query OK, 0 rows affected (0.01 sec)

mysql> drop table user4;
Query OK, 0 rows affected (0.01 sec)

mysql> show tables;
+---------------------+
| Tables_in_firsttest |
+---------------------+
| Pet                 |
| User                |
+---------------------+
```

